{
  "info": {
    "_postman_id": "f8f1137c-22a3-4a47-8d28-7f508e2f8dbe",
    "name": "Kodya Kost API",
    "schema": "https://schema.getpostman.com/json/collection/v2.1.0/collection.json"
  },
  "item": [
    {
      "name": "Register",
      "id": "4e84a716-5aea-4f7c-9f3c-2c5a117d8f33",
      "request": {
        "method": "POST",
        "header": [],
        "url": {
          "raw": "{{base_url}}/api/register",
          "host": [
            "{{base_url}}"
          ],
          "path": [
            "api",
            "register"
          ]
        }
      },
      "response": []
    },
    {
      "name": "Login",
      "id": "d6659e04-c41b-43c4-b2b4-2fbd2cb5ca15",
      "request": {
        "method": "POST",
        "header": [],
        "url": {
          "raw": "{{base_url}}/api/login",
          "host": [
            "{{base_url}}"
          ],
          "path": [
            "api",
            "login"
          ]
        }
      },
      "response": []
    },
    {
      "name": "Logout",
      "id": "07f1c579-078f-4bbc-a3bb-79b57a4ce04f",
      "request": {
        "method": "POST",
        "header": [],
        "url": {
          "raw": "{{base_url}}/api/logout",
          "host": [
            "{{base_url}}"
          ],
          "path": [
            "api",
            "logout"
          ]
        }
      },
      "response": []
    },
    {
      "name": "List Kosts",
      "id": "bd8c06d2-c99b-4add-bae0-57152a451d84",
      "request": {
        "method": "GET",
        "header": [],
        "url": {
          "raw": "{{base_url}}/api/kosts",
          "host": [
            "{{base_url}}"
          ],
          "path": [
            "api",
            "kosts"
          ]
        }
      },
      "response": []
    },
    {
      "name": "Get Kost by ID",
      "id": "89c2a198-28eb-41d0-bd85-f5d39d7128a1",
      "request": {
        "method": "GET",
        "header": [],
        "url": {
          "raw": "{{base_url}}/api/kosts/{id}",
          "host": [
            "{{base_url}}"
          ],
          "path": [
            "api",
            "kosts",
            "{id}"
          ]
        }
      },
      "response": []
    },
    {
      "name": "List Cultural Events",
      "id": "a5f4d253-5964-4ca0-ab28-7e6e25625777",
      "request": {
        "method": "GET",
        "header": [],
        "url": {
          "raw": "{{base_url}}/api/cultural-events",
          "host": [
            "{{base_url}}"
          ],
          "path": [
            "api",
            "cultural-events"
          ]
        }
      },
      "response": []
    },
    {
      "name": "Mock Cultural Events",
      "id": "5bc54163-eb1f-436a-92ff-cf6cdbabb527",
      "request": {
        "method": "GET",
        "header": [],
        "url": {
          "raw": "{{base_url}}/api/mock-cultural-events",
          "host": [
            "{{base_url}}"
          ],
          "path": [
            "api",
            "mock-cultural-events"
          ]
        }
      },
      "response": []
    },
    {
      "name": "Get Dashboard",
      "id": "d9bae2b1-ba86-4472-9535-93cde0684cfc",
      "request": {
        "method": "GET",
        "header": [],
        "url": {
          "raw": "http://localhost:8000/api/dashboard",
          "protocol": "http",
          "host": [
            "localhost"
          ],
          "port": "8000",
          "path": [
            "api",
            "dashboard"
          ]
        }
      },
      "response": []
    },
    {
      "name": "Post Wishlist",
      "id": "c027d471-0758-481b-a478-ffb2ca7c51f6",
      "request": {
        "method": "POST",
        "header": [],
        "url": {
          "raw": "{{base_url}}/api/logout",
          "host": [
            "{{base_url}}"
          ],
          "path": [
            "api",
            "logout"
          ]
        }
      },
      "response": []
    },
    {
      "name": "Post Review",
      "id": "0908fa33-1743-4a9b-8b1b-35c5cf8d8221",
      "request": {
        "method": "POST",
        "header": [],
        "url": {
          "raw": "{{base_url}}/api/logout",
          "host": [
            "{{base_url}}"
          ],
          "path": [
            "api",
            "logout"
          ]
        }
      },
      "response": []
    },
    {
      "name": "Get Reiviews",
      "id": "ae9e710e-c54e-4854-b0e0-2e60381ad910",
      "request": {
        "method": "GET",
        "header": [],
        "url": {
          "raw": ""
        }
      },
      "response": []
    },
    {
      "name": "Post Update Profile",
      "id": "c5a6fe52-46a6-4d0a-802c-574347a51973",
      "request": {
        "method": "POST",
        "header": [],
        "url": {
          "raw": "{{base_url}}/api/logout",
          "host": [
            "{{base_url}}"
          ],
          "path": [
            "api",
            "logout"
          ]
        }
      },
      "response": []
    },
    {
      "name": "Get Kost Pending",
      "id": "55c5d00f-6792-4076-a516-153768a4b1cd",
      "request": {
        "method": "GET",
        "header": [],
        "url": {
          "raw": ""
        }
      },
      "response": []
    },
    {
      "name": "Patch Verifikasi",
      "id": "0b3b789d-32af-4968-ac56-53811dfdd3e2",
      "request": {
        "method": "PATCH",
        "header": [],
        "url": {
          "raw": ""
        }
      },
      "response": []
    },
    {
      "name": "Post Add Kost",
      "id": "46c9a161-21f5-45ae-836e-d568f73e7d38",
      "request": {
        "method": "POST",
        "header": [],
        "url": {
          "raw": ""
        }
      },
      "response": []
    },
    {
      "name": "Post Create Room",
      "id": "ba35022a-0edc-4433-afe4-f8b848355048",
      "request": {
        "auth": {
          "type": "bearer",
          "bearer": [
            {
              "key": "token",
              "value": "7|3mcnmi6qHrEPgzIBT8cfhstKSJQmmDeAc8W6kWpM8bbb92c9",
              "type": "string"
            }
          ]
        },
        "method": "POST",
        "header": [],
        "body": {
          "mode": "raw",
          "raw": "{\r\n    \"kost_id\": 1,\r\n    \"room_type\": \"Kamar VIP AC\",\r\n    \"price_per_month\": 1500000,\r\n    \"total_rooms\": 5,\r\n    \"room_size\": \"3x4 Meter\"\r\n}",
          "options": {
            "raw": {
              "language": "json"
            }
          }
        },
        "url": {
          "raw": "http://localhost:8000/api/owner/rooms",
          "protocol": "http",
          "host": [
            "localhost"
          ],
          "port": "8000",
          "path": [
            "api",
            "owner",
            "rooms"
          ]
        }
      },
      "response": []
    },
    {
      "name": "Get My Kost",
      "id": "ba2abaff-3f40-4fa9-bc5e-a5c421b22ff7",
      "request": {
        "method": "GET",
        "header": [],
        "url": {
          "raw": ""
        }
      },
      "response": []
    },
    {
      "name": "Post Booking",
      "id": "ac79aa50-7c31-4127-b0f1-fabeb103f23b",
      "request": {
        "method": "POST",
        "header": [],
        "url": {
          "raw": "http://localhost:8000/api/tenant/bookings",
          "protocol": "http",
          "host": [
            "localhost"
          ],
          "port": "8000",
          "path": [
            "api",
            "tenant",
            "bookings"
          ]
        }
      },
      "response": []
    },
    {
      "name": "Get Booking",
      "id": "fc75309a-a720-439a-a418-fe74a31ab236",
      "request": {
        "method": "GET",
        "header": [],
        "url": {
          "raw": "http://localhost:8000/api/tenant/bookings",
          "protocol": "http",
          "host": [
            "localhost"
          ],
          "port": "8000",
          "path": [
            "api",
            "tenant",
            "bookings"
          ]
        }
      },
      "response": []
    },
    {
      "name": "Get Owner List Book",
      "id": "e054dfeb-fa52-4b26-89ce-36e5720bab5e",
      "request": {
        "auth": {
          "type": "bearer",
          "bearer": [
            {
              "key": "token",
              "value": "http://localhost:8000/api/owner/bookings",
              "type": "string"
            }
          ]
        },
        "method": "GET",
        "header": [],
        "url": {
          "raw": "http://localhost:8000/api/owner/bookings",
          "protocol": "http",
          "host": [
            "localhost"
          ],
          "port": "8000",
          "path": [
            "api",
            "owner",
            "bookings"
          ]
        }
      },
      "response": []
    },
    {
      "name": "Patch Booking",
      "id": "fdfab03f-5d27-43e5-b513-04d2b61177b6",
      "request": {
        "method": "PATCH",
        "header": [],
        "url": {
          "raw": "http://localhost:8000/api/owner/bookings/{ID_BOOKING}",
          "protocol": "http",
          "host": [
            "localhost"
          ],
          "port": "8000",
          "path": [
            "api",
            "owner",
            "bookings",
            "{ID_BOOKING}"
          ]
        }
      },
      "response": []
    },
    {
      "name": "Get Payment",
      "id": "2b6ae8ac-17b6-4faf-9fe6-5635b788ec8c",
      "request": {
        "method": "GET",
        "header": [],
        "url": {
          "raw": ""
        }
      },
      "response": []
    },
    {
      "name": "Post Status Payment",
      "id": "24d5801a-71c2-424b-bd3e-ff9cb422fb9c",
      "request": {
        "method": "POST",
        "header": [],
        "url": {
          "raw": "http://localhost:8000/api/midtrans/callback",
          "protocol": "http",
          "host": [
            "localhost"
          ],
          "port": "8000",
          "path": [
            "api",
            "midtrans",
            "callback"
          ]
        }
      },
      "response": []
    }
  ]
}