{
    "variable": [
        {
            "id": "baseUrl",
            "key": "baseUrl",
            "type": "string",
            "name": "string",
            "value": "http:\/\/localhost"
        }
    ],
    "info": {
        "name": "Laravel API Documentation",
        "_postman_id": "d656d68c-2960-4ac6-a38c-12ad41af179e",
        "description": "",
        "schema": "https:\/\/schema.getpostman.com\/json\/collection\/v2.1.0\/collection.json"
    },
    "item": [
        {
            "name": "Endpoints",
            "description": "",
            "item": [
                {
                    "name": "POST api\/register",
                    "request": {
                        "url": {
                            "host": "{{baseUrl}}",
                            "path": "api\/register",
                            "query": [],
                            "raw": "{{baseUrl}}\/api\/register"
                        },
                        "method": "POST",
                        "header": [
                            {
                                "key": "Content-Type",
                                "value": "application\/json"
                            },
                            {
                                "key": "Accept",
                                "value": "application\/json"
                            }
                        ],
                        "body": {
                            "mode": "raw",
                            "raw": "{\"name\":\"b\",\"email\":\"zbailey@example.net\",\"password\":\"-0pBNvYgxw\",\"role\":\"owner\",\"phone_whatsapp\":\"architecto\"}"
                        },
                        "description": "",
                        "auth": {
                            "type": "noauth"
                        }
                    },
                    "response": []
                },
                {
                    "name": "POST api\/login",
                    "request": {
                        "url": {
                            "host": "{{baseUrl}}",
                            "path": "api\/login",
                            "query": [],
                            "raw": "{{baseUrl}}\/api\/login"
                        },
                        "method": "POST",
                        "header": [
                            {
                                "key": "Content-Type",
                                "value": "application\/json"
                            },
                            {
                                "key": "Accept",
                                "value": "application\/json"
                            }
                        ],
                        "body": null,
                        "description": "",
                        "auth": {
                            "type": "noauth"
                        }
                    },
                    "response": []
                },
                {
                    "name": "GET api\/kosts",
                    "request": {
                        "url": {
                            "host": "{{baseUrl}}",
                            "path": "api\/kosts",
                            "query": [],
                            "raw": "{{baseUrl}}\/api\/kosts"
                        },
                        "method": "GET",
                        "header": [
                            {
                                "key": "Content-Type",
                                "value": "application\/json"
                            },
                            {
                                "key": "Accept",
                                "value": "application\/json"
                            }
                        ],
                        "body": null,
                        "description": "",
                        "auth": {
                            "type": "noauth"
                        }
                    },
                    "response": [
                        {
                            "header": [
                                {
                                    "key": "cache-control",
                                    "value": "no-cache, private"
                                },
                                {
                                    "key": "content-type",
                                    "value": "application\/json"
                                },
                                {
                                    "key": "vary",
                                    "value": "Origin"
                                }
                            ],
                            "code": 200,
                            "body": "{\"data\":[{\"id\":1,\"name\":\"D'Panjer Residence\",\"description\":\"Kos eksklusif dekat kampus UNUD Sudirman.\",\"location\":{\"address\":\"Jl. Tukad Pakerisan No. 99\",\"district\":\"Denpasar Selatan\",\"village\":\"Panjer\",\"latitude\":-8.675,\"longitude\":115.234},\"is_verified\":true,\"owner\":{\"name\":\"Krisna Owner\",\"whatsapp\":\"628123456789\"},\"thumbnail\":\"https:\\\/\\\/i.pinimg.com\\\/736x\\\/20\\\/6e\\\/e8\\\/206ee8503c87ee66394c1eae81d56885.jpg\",\"price_start\":2000000,\"rooms\":[{\"type\":\"VIP\",\"gallery\":[\"https:\\\/\\\/i.pinimg.com\\\/736x\\\/58\\\/bf\\\/af\\\/58bfafa0ad1588e72bd3367254737960.jpg\",\"https:\\\/\\\/i.pinimg.com\\\/1200x\\\/af\\\/6c\\\/53\\\/af6c53270ec27e3892cbfad02c961ebf.jpg\",\"https:\\\/\\\/i.pinimg.com\\\/736x\\\/1c\\\/60\\\/ca\\\/1c60ca5c8b0cf0e6b58d07e4f8d742fa.jpg\"],\"price\":2000000,\"available\":3,\"is_room_available\":true,\"size\":\"4x4\",\"facilities\":[{\"name\":\"AC\",\"icon\":\"ac-icon\"},{\"name\":\"WiFi\",\"icon\":\"wifi-icon\"},{\"name\":\"Kamar Mandi Dalam\",\"icon\":\"bathroom-icon\"}]}]},{\"id\":2,\"name\":\"Renon Garden Kost\",\"description\":\"Lingkungan tenang, dekat dengan Lapangan Niti Mandala.\",\"location\":{\"address\":\"Jl. Raya Puputan Gang IV\",\"district\":\"Denpasar Timur\",\"village\":\"Sumerta Kelod\",\"latitude\":-8.67,\"longitude\":115.245},\"is_verified\":true,\"owner\":{\"name\":\"Krisna Owner\",\"whatsapp\":\"628123456789\"},\"thumbnail\":\"https:\\\/\\\/i.pinimg.com\\\/736x\\\/6f\\\/66\\\/f7\\\/6f66f782f4b4fb3fab18ce2f6d3e3857.jpg\",\"price_start\":1200000,\"rooms\":[{\"type\":\"Standard\",\"gallery\":[\"https:\\\/\\\/i.pinimg.com\\\/736x\\\/58\\\/bf\\\/af\\\/58bfafa0ad1588e72bd3367254737960.jpg\",\"https:\\\/\\\/i.pinimg.com\\\/1200x\\\/af\\\/6c\\\/53\\\/af6c53270ec27e3892cbfad02c961ebf.jpg\",\"https:\\\/\\\/i.pinimg.com\\\/736x\\\/1c\\\/60\\\/ca\\\/1c60ca5c8b0cf0e6b58d07e4f8d742fa.jpg\"],\"price\":1200000,\"available\":5,\"is_room_available\":true,\"size\":\"3x3\",\"facilities\":[{\"name\":\"WiFi\",\"icon\":\"wifi-icon\"},{\"name\":\"Lemari\",\"icon\":\"wardrobe-icon\"},{\"name\":\"Meja Belajar\",\"icon\":\"desk-icon\"}]}]},{\"id\":3,\"name\":\"Teuku Umar Stay\",\"description\":\"Akses mudah ke pusat perbelanjaan dan kuliner.\",\"location\":{\"address\":\"Jl. Teuku Umar No. 10\",\"district\":\"Denpasar Barat\",\"village\":\"Dauh Puri\",\"latitude\":-8.678,\"longitude\":115.21},\"is_verified\":true,\"owner\":{\"name\":\"Krisna Owner\",\"whatsapp\":\"628123456789\"},\"thumbnail\":\"https:\\\/\\\/i.pinimg.com\\\/736x\\\/20\\\/6e\\\/e8\\\/206ee8503c87ee66394c1eae81d56885.jpg\",\"price_start\":1500000,\"rooms\":[{\"type\":\"Standard AC\",\"gallery\":[\"https:\\\/\\\/i.pinimg.com\\\/736x\\\/58\\\/bf\\\/af\\\/58bfafa0ad1588e72bd3367254737960.jpg\",\"https:\\\/\\\/i.pinimg.com\\\/1200x\\\/af\\\/6c\\\/53\\\/af6c53270ec27e3892cbfad02c961ebf.jpg\",\"https:\\\/\\\/i.pinimg.com\\\/736x\\\/1c\\\/60\\\/ca\\\/1c60ca5c8b0cf0e6b58d07e4f8d742fa.jpg\"],\"price\":1500000,\"available\":0,\"is_room_available\":false,\"size\":\"3x4\",\"facilities\":[{\"name\":\"AC\",\"icon\":\"ac-icon\"},{\"name\":\"WiFi\",\"icon\":\"wifi-icon\"},{\"name\":\"Laundry\",\"icon\":\"laundry-icon\"}]}]},{\"id\":4,\"name\":\"Padangsambian Cozy Kost\",\"description\":\"Dekat dengan kampus ISI dan fasilitas umum.\",\"location\":{\"address\":\"Jl. Padangsambian Kangin No. 45\",\"district\":\"Denpasar Utara\",\"village\":\"Padangsambian\",\"latitude\":-8.65,\"longitude\":115.22},\"is_verified\":true,\"owner\":{\"name\":\"Krisna Owner\",\"whatsapp\":\"628123456789\"},\"thumbnail\":\"https:\\\/\\\/i.pinimg.com\\\/736x\\\/6f\\\/66\\\/f7\\\/6f66f782f4b4fb3fab18ce2f6d3e3857.jpg\",\"price_start\":1800000,\"rooms\":[{\"type\":\"Deluxe\",\"gallery\":[\"https:\\\/\\\/i.pinimg.com\\\/736x\\\/58\\\/bf\\\/af\\\/58bfafa0ad1588e72bd3367254737960.jpg\",\"https:\\\/\\\/i.pinimg.com\\\/1200x\\\/af\\\/6c\\\/53\\\/af6c53270ec27e3892cbfad02c961ebf.jpg\",\"https:\\\/\\\/i.pinimg.com\\\/736x\\\/1c\\\/60\\\/ca\\\/1c60ca5c8b0cf0e6b58d07e4f8d742fa.jpg\"],\"price\":1800000,\"available\":4,\"is_room_available\":true,\"size\":\"4x3\",\"facilities\":[{\"name\":\"AC\",\"icon\":\"ac-icon\"},{\"name\":\"Dapur\",\"icon\":\"kitchen-icon\"},{\"name\":\"Parkir\",\"icon\":\"parking-icon\"}]}]},{\"id\":5,\"name\":\"Sanur Beach Kost\",\"description\":\"Suasana pantai yang menenangkan, cocok untuk mahasiswa.\",\"location\":{\"address\":\"Jl. Danau Tamblingan No. 88\",\"district\":\"Denpasar Selatan\",\"village\":\"Sanur\",\"latitude\":-8.68,\"longitude\":115.25},\"is_verified\":true,\"owner\":{\"name\":\"Krisna Owner\",\"whatsapp\":\"628123456789\"},\"thumbnail\":\"https:\\\/\\\/i.pinimg.com\\\/736x\\\/20\\\/6e\\\/e8\\\/206ee8503c87ee66394c1eae81d56885.jpg\",\"price_start\":1000000,\"rooms\":[{\"type\":\"Standard\",\"gallery\":[\"https:\\\/\\\/i.pinimg.com\\\/736x\\\/58\\\/bf\\\/af\\\/58bfafa0ad1588e72bd3367254737960.jpg\",\"https:\\\/\\\/i.pinimg.com\\\/1200x\\\/af\\\/6c\\\/53\\\/af6c53270ec27e3892cbfad02c961ebf.jpg\",\"https:\\\/\\\/i.pinimg.com\\\/736x\\\/1c\\\/60\\\/ca\\\/1c60ca5c8b0cf0e6b58d07e4f8d742fa.jpg\"],\"price\":1000000,\"available\":10,\"is_room_available\":true,\"size\":\"3x3\",\"facilities\":[{\"name\":\"WiFi\",\"icon\":\"wifi-icon\"},{\"name\":\"Kamar Mandi Dalam\",\"icon\":\"bathroom-icon\"},{\"name\":\"Meja Belajar\",\"icon\":\"desk-icon\"}]}]}]}",
                            "name": ""
                        }
                    ]
                },
                {
                    "name": "GET api\/kosts\/{id}",
                    "request": {
                        "url": {
                            "host": "{{baseUrl}}",
                            "path": "api\/kosts\/:id",
                            "query": [],
                            "raw": "{{baseUrl}}\/api\/kosts\/:id",
                            "variable": [
                                {
                                    "id": "id",
                                    "key": "id",
                                    "value": "1",
                                    "description": "The ID of the kost."
                                }
                            ]
                        },
                        "method": "GET",
                        "header": [
                            {
                                "key": "Content-Type",
                                "value": "application\/json"
                            },
                            {
                                "key": "Accept",
                                "value": "application\/json"
                            }
                        ],
                        "body": null,
                        "description": "",
                        "auth": {
                            "type": "noauth"
                        }
                    },
                    "response": [
                        {
                            "header": [
                                {
                                    "key": "cache-control",
                                    "value": "no-cache, private"
                                },
                                {
                                    "key": "content-type",
                                    "value": "application\/json"
                                },
                                {
                                    "key": "vary",
                                    "value": "Origin"
                                }
                            ],
                            "code": 200,
                            "body": "{\"data\":{\"id\":1,\"name\":\"D'Panjer Residence\",\"description\":\"Kos eksklusif dekat kampus UNUD Sudirman.\",\"location\":{\"address\":\"Jl. Tukad Pakerisan No. 99\",\"district\":\"Denpasar Selatan\",\"village\":\"Panjer\",\"latitude\":-8.675,\"longitude\":115.234},\"is_verified\":true,\"owner\":{\"name\":\"Krisna Owner\",\"whatsapp\":\"628123456789\"},\"thumbnail\":\"https:\\\/\\\/i.pinimg.com\\\/736x\\\/20\\\/6e\\\/e8\\\/206ee8503c87ee66394c1eae81d56885.jpg\",\"price_start\":2000000,\"rooms\":[{\"type\":\"VIP\",\"gallery\":[\"https:\\\/\\\/i.pinimg.com\\\/736x\\\/58\\\/bf\\\/af\\\/58bfafa0ad1588e72bd3367254737960.jpg\",\"https:\\\/\\\/i.pinimg.com\\\/1200x\\\/af\\\/6c\\\/53\\\/af6c53270ec27e3892cbfad02c961ebf.jpg\",\"https:\\\/\\\/i.pinimg.com\\\/736x\\\/1c\\\/60\\\/ca\\\/1c60ca5c8b0cf0e6b58d07e4f8d742fa.jpg\"],\"price\":2000000,\"available\":3,\"is_room_available\":true,\"size\":\"4x4\",\"facilities\":[{\"name\":\"AC\",\"icon\":\"ac-icon\"},{\"name\":\"WiFi\",\"icon\":\"wifi-icon\"},{\"name\":\"Kamar Mandi Dalam\",\"icon\":\"bathroom-icon\"}]}]}}",
                            "name": ""
                        }
                    ]
                },
                {
                    "name": "GET api\/facilities",
                    "request": {
                        "url": {
                            "host": "{{baseUrl}}",
                            "path": "api\/facilities",
                            "query": [],
                            "raw": "{{baseUrl}}\/api\/facilities"
                        },
                        "method": "GET",
                        "header": [
                            {
                                "key": "Content-Type",
                                "value": "application\/json"
                            },
                            {
                                "key": "Accept",
                                "value": "application\/json"
                            }
                        ],
                        "body": null,
                        "description": "",
                        "auth": {
                            "type": "noauth"
                        }
                    },
                    "response": [
                        {
                            "header": [
                                {
                                    "key": "cache-control",
                                    "value": "no-cache, private"
                                },
                                {
                                    "key": "content-type",
                                    "value": "application\/json"
                                },
                                {
                                    "key": "vary",
                                    "value": "Origin"
                                }
                            ],
                            "code": 200,
                            "body": "{\"success\":true,\"data\":[{\"id\":1,\"name\":\"AC\",\"icon\":\"ac-icon\",\"created_at\":\"2026-01-15T01:44:38.000000Z\",\"updated_at\":\"2026-01-15T01:44:38.000000Z\"},{\"id\":2,\"name\":\"WiFi\",\"icon\":\"wifi-icon\",\"created_at\":\"2026-01-15T01:44:38.000000Z\",\"updated_at\":\"2026-01-15T01:44:38.000000Z\"},{\"id\":3,\"name\":\"Kamar Mandi Dalam\",\"icon\":\"bathroom-icon\",\"created_at\":\"2026-01-15T01:44:38.000000Z\",\"updated_at\":\"2026-01-15T01:44:38.000000Z\"},{\"id\":4,\"name\":\"Dapur\",\"icon\":\"kitchen-icon\",\"created_at\":\"2026-01-15T01:44:38.000000Z\",\"updated_at\":\"2026-01-15T01:44:38.000000Z\"},{\"id\":5,\"name\":\"Parkir\",\"icon\":\"parking-icon\",\"created_at\":\"2026-01-15T01:44:38.000000Z\",\"updated_at\":\"2026-01-15T01:44:38.000000Z\"},{\"id\":6,\"name\":\"Laundry\",\"icon\":\"laundry-icon\",\"created_at\":\"2026-01-15T01:44:38.000000Z\",\"updated_at\":\"2026-01-15T01:44:38.000000Z\"},{\"id\":7,\"name\":\"Lemari\",\"icon\":\"wardrobe-icon\",\"created_at\":\"2026-01-15T01:44:38.000000Z\",\"updated_at\":\"2026-01-15T01:44:38.000000Z\"},{\"id\":8,\"name\":\"Meja Belajar\",\"icon\":\"desk-icon\",\"created_at\":\"2026-01-15T01:44:38.000000Z\",\"updated_at\":\"2026-01-15T01:44:38.000000Z\"}]}",
                            "name": ""
                        }
                    ]
                },
                {
                    "name": "GET api\/cultural-events",
                    "request": {
                        "url": {
                            "host": "{{baseUrl}}",
                            "path": "api\/cultural-events",
                            "query": [],
                            "raw": "{{baseUrl}}\/api\/cultural-events"
                        },
                        "method": "GET",
                        "header": [
                            {
                                "key": "Content-Type",
                                "value": "application\/json"
                            },
                            {
                                "key": "Accept",
                                "value": "application\/json"
                            }
                        ],
                        "body": null,
                        "description": "",
                        "auth": {
                            "type": "noauth"
                        }
                    },
                    "response": [
                        {
                            "header": [
                                {
                                    "key": "cache-control",
                                    "value": "no-cache, private"
                                },
                                {
                                    "key": "content-type",
                                    "value": "application\/json"
                                },
                                {
                                    "key": "vary",
                                    "value": "Origin"
                                }
                            ],
                            "code": 200,
                            "body": "{\"success\":true,\"data\":[{\"id\":1,\"event_name\":\"Pawai Ogoh-ogoh (Pengerupukan)\",\"event_type\":\"pawai\",\"description\":\"Penutupan jalan total di sekitar Catur Muka.\",\"latitude\":\"-8.67012345\",\"longitude\":\"115.21234567\",\"severity\":\"high\",\"event_date\":\"2026-03-20\",\"created_at\":\"2026-01-15T01:44:38.000000Z\",\"updated_at\":\"2026-01-15T01:44:38.000000Z\"},{\"id\":2,\"event_name\":\"Upacara Melasti di Pantai Sanur\",\"event_type\":\"upacara_adat\",\"description\":\"Penutupan jalan menuju Pantai Sanur selama upacara berlangsung.\",\"latitude\":\"-8.68812345\",\"longitude\":\"115.25876543\",\"severity\":\"low\",\"event_date\":\"2026-04-10\",\"created_at\":\"2026-01-15T01:44:38.000000Z\",\"updated_at\":\"2026-01-15T01:44:38.000000Z\"},{\"id\":3,\"event_name\":\"Penutupan Jalan untuk Perayaan Hari Raya Galungan\",\"event_type\":\"penutupan_jalan\",\"description\":\"Penutupan jalan utama di Denpasar untuk perayaan Galungan.\",\"latitude\":\"-8.65543210\",\"longitude\":\"115.22012345\",\"severity\":\"high\",\"event_date\":\"2026-06-01\",\"created_at\":\"2026-01-15T01:44:38.000000Z\",\"updated_at\":\"2026-01-15T01:44:38.000000Z\"}]}",
                            "name": ""
                        }
                    ]
                },
                {
                    "name": "GET api\/kosts\/{id}\/reviews",
                    "request": {
                        "url": {
                            "host": "{{baseUrl}}",
                            "path": "api\/kosts\/:id\/reviews",
                            "query": [],
                            "raw": "{{baseUrl}}\/api\/kosts\/:id\/reviews",
                            "variable": [
                                {
                                    "id": "id",
                                    "key": "id",
                                    "value": "1",
                                    "description": "The ID of the kost."
                                }
                            ]
                        },
                        "method": "GET",
                        "header": [
                            {
                                "key": "Content-Type",
                                "value": "application\/json"
                            },
                            {
                                "key": "Accept",
                                "value": "application\/json"
                            }
                        ],
                        "body": null,
                        "description": "",
                        "auth": {
                            "type": "noauth"
                        }
                    },
                    "response": [
                        {
                            "header": [
                                {
                                    "key": "cache-control",
                                    "value": "no-cache, private"
                                },
                                {
                                    "key": "content-type",
                                    "value": "application\/json"
                                },
                                {
                                    "key": "vary",
                                    "value": "Origin"
                                }
                            ],
                            "code": 200,
                            "body": "{\"success\":true,\"data\":[{\"id\":1,\"user_id\":8,\"kost_id\":1,\"rating\":5,\"comment\":\"Kosnya bersih banget, ibu kos ramah. Recommended!\",\"created_at\":\"2026-01-16T01:38:42.000000Z\",\"updated_at\":\"2026-01-16T01:38:42.000000Z\",\"user\":{\"id\":8,\"name\":\"Made Owner\",\"avatar\":null}}]}",
                            "name": ""
                        }
                    ]
                },
                {
                    "name": "GET api\/user",
                    "request": {
                        "url": {
                            "host": "{{baseUrl}}",
                            "path": "api\/user",
                            "query": [],
                            "raw": "{{baseUrl}}\/api\/user"
                        },
                        "method": "GET",
                        "header": [
                            {
                                "key": "Content-Type",
                                "value": "application\/json"
                            },
                            {
                                "key": "Accept",
                                "value": "application\/json"
                            }
                        ],
                        "body": null,
                        "description": "",
                        "auth": {
                            "type": "noauth"
                        }
                    },
                    "response": [
                        {
                            "header": [
                                {
                                    "key": "cache-control",
                                    "value": "no-cache, private"
                                },
                                {
                                    "key": "content-type",
                                    "value": "application\/json"
                                },
                                {
                                    "key": "vary",
                                    "value": "Origin"
                                }
                            ],
                            "code": 401,
                            "body": "{\"message\":\"Unauthenticated.\"}",
                            "name": ""
                        }
                    ]
                },
                {
                    "name": "GET api\/dashboard",
                    "request": {
                        "url": {
                            "host": "{{baseUrl}}",
                            "path": "api\/dashboard",
                            "query": [],
                            "raw": "{{baseUrl}}\/api\/dashboard"
                        },
                        "method": "GET",
                        "header": [
                            {
                                "key": "Content-Type",
                                "value": "application\/json"
                            },
                            {
                                "key": "Accept",
                                "value": "application\/json"
                            }
                        ],
                        "body": null,
                        "description": "",
                        "auth": {
                            "type": "noauth"
                        }
                    },
                    "response": [
                        {
                            "header": [
                                {
                                    "key": "cache-control",
                                    "value": "no-cache, private"
                                },
                                {
                                    "key": "content-type",
                                    "value": "application\/json"
                                },
                                {
                                    "key": "vary",
                                    "value": "Origin"
                                }
                            ],
                            "code": 401,
                            "body": "{\"message\":\"Unauthenticated.\"}",
                            "name": ""
                        }
                    ]
                },
                {
                    "name": "GET api\/wishlists",
                    "request": {
                        "url": {
                            "host": "{{baseUrl}}",
                            "path": "api\/wishlists",
                            "query": [],
                            "raw": "{{baseUrl}}\/api\/wishlists"
                        },
                        "method": "GET",
                        "header": [
                            {
                                "key": "Content-Type",
                                "value": "application\/json"
                            },
                            {
                                "key": "Accept",
                                "value": "application\/json"
                            }
                        ],
                        "body": null,
                        "description": "",
                        "auth": {
                            "type": "noauth"
                        }
                    },
                    "response": [
                        {
                            "header": [
                                {
                                    "key": "cache-control",
                                    "value": "no-cache, private"
                                },
                                {
                                    "key": "content-type",
                                    "value": "application\/json"
                                },
                                {
                                    "key": "vary",
                                    "value": "Origin"
                                }
                            ],
                            "code": 401,
                            "body": "{\"message\":\"Unauthenticated.\"}",
                            "name": ""
                        }
                    ]
                },
                {
                    "name": "POST api\/wishlists\/toggle",
                    "request": {
                        "url": {
                            "host": "{{baseUrl}}",
                            "path": "api\/wishlists\/toggle",
                            "query": [],
                            "raw": "{{baseUrl}}\/api\/wishlists\/toggle"
                        },
                        "method": "POST",
                        "header": [
                            {
                                "key": "Content-Type",
                                "value": "application\/json"
                            },
                            {
                                "key": "Accept",
                                "value": "application\/json"
                            }
                        ],
                        "body": {
                            "mode": "raw",
                            "raw": "{\"kost_id\":\"architecto\"}"
                        },
                        "description": "",
                        "auth": {
                            "type": "noauth"
                        }
                    },
                    "response": []
                },
                {
                    "name": "POST api\/reviews",
                    "request": {
                        "url": {
                            "host": "{{baseUrl}}",
                            "path": "api\/reviews",
                            "query": [],
                            "raw": "{{baseUrl}}\/api\/reviews"
                        },
                        "method": "POST",
                        "header": [
                            {
                                "key": "Content-Type",
                                "value": "application\/json"
                            },
                            {
                                "key": "Accept",
                                "value": "application\/json"
                            }
                        ],
                        "body": {
                            "mode": "raw",
                            "raw": "{\"kost_id\":\"architecto\",\"rating\":2,\"comment\":\"g\"}"
                        },
                        "description": "",
                        "auth": {
                            "type": "noauth"
                        }
                    },
                    "response": []
                },
                {
                    "name": "GET api\/mock-cultural-events",
                    "request": {
                        "url": {
                            "host": "{{baseUrl}}",
                            "path": "api\/mock-cultural-events",
                            "query": [],
                            "raw": "{{baseUrl}}\/api\/mock-cultural-events"
                        },
                        "method": "GET",
                        "header": [
                            {
                                "key": "Content-Type",
                                "value": "application\/json"
                            },
                            {
                                "key": "Accept",
                                "value": "application\/json"
                            }
                        ],
                        "body": null,
                        "description": "",
                        "auth": {
                            "type": "noauth"
                        }
                    },
                    "response": [
                        {
                            "header": [
                                {
                                    "key": "cache-control",
                                    "value": "no-cache, private"
                                },
                                {
                                    "key": "content-type",
                                    "value": "application\/json"
                                },
                                {
                                    "key": "vary",
                                    "value": "Origin"
                                }
                            ],
                            "code": 200,
                            "body": "{\"success\":true,\"message\":\"Data Event Budaya & Kemacetan Denpasar (Simulation)\",\"data\":[{\"id\":101,\"event_name\":\"Pawai Ogoh-ogoh (Pengerupukan)\",\"description\":\"Penutupan jalan total di sekitar Catur Muka.\",\"district\":\"Denpasar Utara\",\"latitude\":-8.6581,\"longitude\":115.2163,\"type\":\"road_closure\",\"severity\":\"high\"},{\"id\":102,\"event_name\":\"Upacara Melasti\",\"description\":\"Iring-iringan menuju Pantai Sanur. Bypass Ngurah Rai padat.\",\"district\":\"Denpasar Selatan\",\"latitude\":-8.6748,\"longitude\":115.2631,\"type\":\"traffic_warning\",\"severity\":\"medium\"}]}",
                            "name": ""
                        }
                    ]
                }
            ]
        }
    ],
    "auth": {
        "type": "noauth"
    }
}